StudyHoursPerDay,AttendancePercentage,PreviousScore,SleepHours,PracticeTestsTaken,InternetAccess,FinalScore
4.0581311290499436,85.36193171566993,42.47137610671829,5.703020832906459,2,1,57.71751488351197
9.531785910894204,57.62695214571307,51.01915153750885,4.358559444238255,12,1,92.36801956119281
7.453942447208348,78.81441800834065,44.73266614475422,6.04814447447616,2,1,71.57244964420653
6.187255599871848,80.3357523191428,53.07475987907593,5.556087475316968,6,0,67.89267719156543
1.982177084203147,71.2065335651193,34.512549778496066,7.385603198675047,5,0,42.92046619987173
1.981947943193925,86.82221178123615,63.738886409037576,7.028896247263452,8,0,54.576322966533986
1.0517943155978948,96.71835073845074,34.39481663349397,5.8229686409877,5,1,44.254520788952824
8.728673384861883,96.27842564533881,82.02317300845351,5.089462771274951,4,1,97.23911814989442
6.210592611560483,72.5419685702066,45.191285324178146,8.940179830777959,9,1,63.36923228119817
7.226689489062432,55.661902292037766,65.1007744492932,6.270008105980574,6,0,65.3566841152665
0.6955526958101232,99.24205994811672,87.20514069149479,7.441371178901186,0,1,63.246780682261125
9.714143595538946,91.94490432229671,72.30702898806763,4.702764837891804,11,0,97.13193353315121
8.408205087604006,56.233134060163344,64.6422561258368,6.427948498296989,6,0,78.37580051102834
2.5172215514436234,96.04209413086862,51.081693952499414,4.137683599347327,2,0,49.1348161035677
2.2273371884674558,93.49481810310641,51.645124348782865,6.52727558955225,13,0,79.06538585595648
2.2423428436076214,75.94190285630361,73.51665208788236,8.82008703558851,8,0,62.72563365471469
3.3903013081156086,79.56377178724647,94.6190584793759,5.921033564929001,14,0,89.30202084464457
5.48518610050626,69.95013519350651,73.01954734020961,4.194980062874558,5,1,64.36027681766883
4.603477677100099,52.73808194110157,66.25592212905161,4.1547789545967175,8,0,62.414691780925345
3.2666768318813983,66.75986208229504,77.49228316555099,5.939933799734348,12,0,71.2702564913465
6.312602499862605,90.14267242990057,60.23836479844168,4.80012468231597,14,1,89.03600632125513
1.8251916761943974,50.23160115023014,33.90925226905104,4.116760481640929,4,0,35.825985371470786
3.2753741610845726,66.6749585845572,66.54929303206413,7.781068069750884,6,1,68.04331786034959
3.980437511290071,69.90843467954717,92.24564349284972,6.2926150444094535,12,1,95.1097738748065
4.832664850061842,76.86978014689615,41.39469125324788,5.446223859863273,13,1,84.5589430350724
7.9591716332336295,95.99278082063802,74.85031790334327,8.500415915082403,3,0,81.89613526910925
2.3969009305044175,67.31729971829806,43.06068976283867,4.580694801002628,14,0,52.69584666601327
5.385227164929311,67.34766009481139,64.82879949075028,8.779594144776595,6,1,77.7130665733758
6.127938404189403,86.87506240548743,36.28396922703678,5.569833586886764,12,0,79.78124631125115
0.9412789208399783,72.61089704449036,59.27411085678203,8.442018361543406,0,0,32.516096567578806
6.271676093063665,61.2302411469991,79.15061637819099,7.014714382397308,6,1,81.6187285389492
2.1199791750292696,72.62197580663467,52.59214907553384,8.133536798707437,7,1,52.899663484692745
1.1179901333601554,57.04285101898999,73.21926209166918,8.920065816052322,4,0,47.39247581745286
9.514412603906665,58.819349325311165,81.7042474513324,5.442027189093729,1,1,69.8192598532178
9.673504314208314,74.91838863697399,90.26655826616442,8.805677427037965,4,1,85.01438284081281
8.17977480710638,70.9462724752274,45.25173532060448,5.947409474512102,5,1,76.38576513488735
3.3938308071470216,95.742295053405,55.955534527605025,5.927559523684612,11,0,77.82019470898102
1.4278850830606467,68.11969495583165,39.90704086647713,5.701935521272528,1,0,35.03068912932742
7.00021375186549,79.02941751390217,94.51142764029439,6.707038036737925,13,0,96.59476369212908
4.681448690526213,81.61321439597651,90.2550629150792,4.770725215892435,5,1,63.83201184705954
1.6593632310253987,50.654722829416684,65.09721346823638,6.768557426790056,5,0,46.49262541173729
5.2041806460570665,83.17686860083553,84.73216413446738,6.70852406205002,0,1,71.51297215997151
0.8266909505945748,58.90179834348757,63.86226852268274,7.80950906302435,13,0,59.57470481403079
9.13854381974843,98.05351587347275,70.53306972017938,8.168249809687929,0,0,75.20881392869356
2.9584098252001607,57.43313638765565,35.79308808754108,6.20220675156212,13,1,63.92697107491144
6.793961701362829,70.73120618635119,79.0925773322925,5.511666246757469,10,0,80.60424210545321
3.4612552228494042,54.26748340393219,38.30137643629026,5.296674486585472,9,1,57.14441298481305
5.440646201189203,99.84371259229736,83.69439596641435,4.97311918352436,2,0,67.69427409844728
5.693747653761156,75.10975051656213,80.83182569857507,4.288237910995124,13,0,90.74802571702706
2.2561173274925066,79.76925086600218,76.06840535329347,5.712239894173567,9,1,60.05163051514082
9.711053963763307,53.353823869421376,32.35042473410954,5.351238460653916,9,1,74.00553625221222
7.863761821930588,87.49802351995889,49.703343136446364,8.832086929332036,14,1,89.29322022143049
9.425239944859797,60.49527965477929,47.10231704420478,6.7885441312502195,11,0,84.91549609663802
9.000859829062664,94.90271447203568,53.408866485648744,5.736385195152538,2,0,73.10984228514357
6.1800497987053085,60.25698202410036,35.69677853964951,6.90233800496848,3,0,61.31909488107263
9.25780523271961,59.534386033183324,90.90225849701909,4.695983506728478,1,1,86.70426962686614
1.3406787694932352,51.827483392404744,65.99714564630446,6.220218746011015,8,1,53.023410449388464
2.3618371929818793,73.60334725549995,49.85908019277153,7.131171607105319,9,1,64.36514815810054
0.9296592446501116,78.24205666313082,55.80379860982842,6.4444891589622575,11,0,61.42596150755292
3.590638142251011,53.285431971417616,59.068165132814315,6.008894003271621,10,0,57.63776029543379
4.192434252050079,88.77638083475053,69.03863166844013,8.969241944498492,13,1,87.78263088258609
3.077815801852011,72.66444173740138,63.519162800272355,8.401573810744635,6,0,55.993530115600095
8.373006336943329,76.219513466379,89.76047825893713,7.117029790797201,6,1,86.71631018897824
3.889156603589098,72.03813734691141,62.30262638887897,6.846886805911414,14,0,76.6083024564435
3.1688778420301174,70.0381530437663,94.49027096351533,7.103302399122921,5,0,61.752714335152504
5.65561279000336,77.9820165654109,85.34262225343122,5.006560539112167,14,1,99.08929080771446
1.8387801372602453,57.76201229653562,43.55318343322683,5.975688716321593,2,0,45.40136229272435
8.120871317163378,59.09640652476355,90.48868895185456,4.197297664454497,5,0,75.96245012520076
1.2082311149578229,93.08928105067587,37.56381586255595,6.377730187434134,14,1,71.08211813892277
9.875425897704915,97.30577310668164,83.13423105192746,6.715122919788316,13,1,100.0
7.836325308318245,68.66546581398765,54.74051407597771,5.1387486805160485,11,0,85.20432676112775
2.387798974574638,63.53723365717769,87.06833082892952,8.82014423582757,7,1,71.52531062031528
0.5524601126742228,82.19997716195078,86.42368485698427,8.54727305468621,7,0,58.737896189829186
8.246883570320925,70.43670855490481,82.38515100764538,7.61071617727953,10,1,96.23033221947946
7.2151447665523625,51.26931778301724,81.35197835995899,6.666933143826813,12,0,89.07302796021428
7.425568096389379,57.80762986830952,49.80414404137265,8.349845798238425,8,0,62.994510137621475
7.827068293516485,85.79861144236988,35.25975339833139,4.653261719117315,14,1,93.7918825327365
1.2034241914738584,82.94619709550757,56.193711619735495,7.952548971374425,0,0,48.57570894334333
3.90542442117059,51.354799625174174,41.279093474123066,4.6241040698342415,13,0,65.96478208649329
1.6007560654887323,61.098608096647474,75.17182077866002,7.971053312747027,0,1,40.258768303403606
8.699482545818139,61.55373982940357,52.49648222495606,5.378837841256785,2,1,57.493241940620386
6.4213322048618,83.59463717993643,93.41466305589447,8.385452905090943,2,0,76.1704084861765
3.6435312361001673,50.98552688771821,71.66318502744659,8.72021046912699,9,1,62.756328373449705
1.1038043277172245,55.205429099228695,83.46123663623345,4.743979847025578,7,1,58.62666987735358
3.454332056298791,89.99580426865947,38.614103728220144,6.313378025326967,14,0,80.47584403336836
3.5892415592540967,58.927233102716684,86.03094134772047,8.904936890813426,9,0,64.00878647376575
7.431258694211609,82.63730539259373,89.97921738337064,6.4170371798657335,0,1,75.60879807058691
6.556795977874525,61.90913905233633,61.65902472323083,8.317737612572726,12,1,84.6719177404103
8.928521054475102,54.97206963796726,69.40644095381353,6.943657610656599,1,1,66.21454040770078
4.986041789038518,62.1586095499727,79.7126370586947,5.876649539598009,1,0,52.86860786590303
1.636145336413866,86.11334659278296,41.36451077192682,5.428917777629351,2,0,40.64632163123737
7.275825478618453,92.78482340531428,62.66679497012376,5.016115455430437,12,0,85.9915900843024
7.727457961860526,91.51099322834958,55.913096805200354,7.808990956888486,5,0,78.1218370703785
5.832133376910214,69.85917648092274,39.5143094905462,5.93270253411514,0,0,61.42685692700691
7.824188209568329,83.40425682853231,53.889737448949546,6.5563773110037555,1,0,66.01109049440522
5.191058165461712,60.24921477079105,34.431200110057084,6.461627400005909,12,0,62.27506237465265
5.465961879128944,64.65738651305067,31.677773951716652,6.886395146165656,14,1,84.66253745684809
4.561639674406221,94.81679092605599,38.78580879506348,8.327885728122762,12,1,69.70581539760818
0.7414817040689043,50.6500961755368,92.6024822532963,8.903696717917146,0,0,32.286520393134424
1.5249685564363924,54.2754265427234,65.7194198331761,6.037921042869085,4,0,41.7223974256606
0.7985772640239754,60.394312757301364,92.7784404749593,8.137594610531515,12,0,66.03750793223588
6.545898907005914,51.32661019369099,58.11236209145858,7.822638973273588,12,1,77.43536572124779
3.4863818202251036,59.071771754489866,50.26804865054187,6.8676447572778665,6,0,53.6284217970135
5.331421566064677,79.15207804848461,62.89922108461587,8.780235718059664,7,1,74.13099939634468
9.121881502297883,71.0712275296249,58.56825976113916,5.002372577642014,9,1,91.61441290045028
2.868276176914312,94.63358555384875,36.86820447701336,4.546321051548107,0,1,45.30640782308141
4.398637768838483,90.87217808692205,71.65371045486341,8.26980983477711,6,1,71.2600389410945
7.677735816158963,67.0908675848938,44.042481863123975,6.195749083168741,12,1,89.32226191025156
2.6735825721704134,62.971171671564626,70.27321706835892,8.234844271035303,4,0,47.62403112027402
1.2313091433735335,68.98462040836334,72.26307100587997,8.465451025977075,9,0,50.14074262527142
3.252638802680796,79.51474712574039,39.88161545336213,4.312287968095357,0,1,48.88176325253994
2.0316022289130418,63.403182041143815,33.98772576219343,8.417323814930302,2,0,40.03233963433388
9.332127697254444,81.2074453924567,80.74950309444858,6.241595276847111,6,1,88.71085780951299
8.17714360586196,70.47058260956203,59.88702754500581,6.552162445021161,9,1,84.31258715734681
6.517335686849023,77.602359042599,33.78064670785593,7.132962555466051,0,0,47.49489583939636
8.778875606783318,71.80632645676583,94.66631061603486,8.631913033650434,6,0,87.44683444326833
8.134884730541588,64.72328797709588,33.75573646476383,4.0955804721488205,4,0,65.63104689173672
2.2724155594173405,97.42266534810784,75.17728987580595,6.3842173415890855,0,0,57.14515143388322
8.97931048565479,88.18028970798804,93.93913014212188,7.4386102121528035,0,0,85.9558009580349
5.623751298198682,57.00565878832263,45.546706774035165,7.613534788491142,13,1,81.47012835445938
8.170681474058593,93.42339879489563,39.24620896466775,7.46266215768554,0,0,62.80117748916276
9.012867349273186,74.37155991247567,37.890021062457876,4.672175647040609,10,0,82.26598550295023
3.521033012232707,94.72761134470457,49.71288459189371,5.496977941858406,8,0,67.63849245483954
1.545493283012929,89.99276279736577,36.56797771569204,5.793577627085067,10,1,68.66219433453013
2.665384044148446,71.26067522346167,74.99048721011857,8.022186038397525,12,0,69.29904234081673
4.557523991949435,51.12346541600587,34.048966878454074,5.393799362072765,2,1,36.04393091577931
8.271140276263685,63.4338679692473,63.11243832973633,5.053524819336015,14,0,93.07449417119304
8.676940540935263,77.08171073304334,94.7852955004435,8.78724009519048,12,0,100.0
0.5660452400463116,81.67391099130737,82.90806751789123,4.044316425567344,4,1,52.88045869288481
5.352099374486874,62.894384271660115,69.9892634850157,8.98910427840989,10,0,70.27375030576657
4.465404529913401,56.96780370364121,49.90648535112976,7.3841064942869785,9,0,74.84803102688275
2.6100241994719373,91.74651183996495,70.5532293589565,8.142346497245585,11,1,74.74201520866744
1.6387209896699866,99.22010903517761,64.25769515425736,5.473096981730966,8,0,58.497536698246826
3.7073441283344657,76.28450911513428,57.69541995287415,4.0715763883353,5,1,58.925031657953795
9.457642187168933,58.583964292415175,38.49617448811296,7.68934759280765,11,1,90.82035027887844
3.570427854197175,63.61536632596845,87.62927399063034,8.17072298500338,8,1,84.7396852310107
5.428510906561978,50.919533827373336,59.23600217338596,7.702380659767596,7,1,70.3825357792387
7.17868010950419,95.71494032802495,42.650463268349725,4.714251436504193,7,1,69.92571359888704
3.9544812226032926,55.88755414450706,53.90435780702383,7.767139611284845,0,0,52.30392228836474
9.731929785849127,78.82582377571268,56.91843391438026,7.844613910538205,12,0,93.05716905225229
9.643249301950057,63.7027610343603,83.78996321184684,7.292702578350275,8,0,86.04009946279392
2.8919318103409593,77.70890012578967,77.68493473649113,7.830579663977931,5,1,60.796345175135485
5.223860805977662,82.57101941759322,80.0048180866871,8.22960719838866,8,1,85.6501423012262
3.3583439432593116,91.48709018536007,30.71703218786207,7.068020571187292,2,1,53.89919179266372
3.205984696585942,60.32106358803016,57.0500098816845,4.443023569848395,11,1,67.02763932398973
0.8504259998680616,50.549791432924025,61.28736985629604,6.438139048336055,2,0,43.30894350668979
6.29086117280902,56.844281503440364,31.247497993498683,4.388246673358025,5,0,46.3690542679091
5.2754507206741845,95.00093209240526,46.88785856842722,6.037715155162154,8,1,82.18687156768168
0.9890481368748989,93.69450387812577,79.41883850293877,6.035532445628139,6,1,63.18622427676305
3.1471414102478086,79.87065510851542,38.912130872384935,4.330049220701208,13,0,74.13643328567586
9.128525916683211,80.02584302168268,64.79515854441846,5.744102669847397,12,1,100.0
2.775837961336238,83.25183372731277,43.98812168112044,4.554990493956574,2,1,43.23361613987242
1.8765012848666194,58.76856393117248,30.787850351853063,8.041176050046111,2,1,27.286808068687584
5.149801222636849,95.72059729624799,45.67809474397019,8.738440129822354,1,0,58.225625378232365
9.863679314050707,70.93852624460365,93.4317940691535,4.361582376289693,8,0,89.1393107537029
2.799525079359254,69.15692641247487,82.09991227239432,8.775576036458506,12,1,76.38856251706821
6.885287700355846,75.94588526414188,92.37248188086717,6.612882996683726,14,0,100.0
7.735386345622817,52.348298338752755,61.71051285521356,5.497828389769369,2,1,69.72180656172412
2.7575566679277967,58.31416843780397,37.13285291403773,4.384310376380817,10,1,61.257018777517686
7.418055311812666,86.90168082131852,65.61736678329004,6.503121340352089,4,0,68.50585997045046
3.9939397608329057,54.139933396256325,59.53452674639746,7.972577722453743,13,1,81.55844883911395
6.506905390639005,80.1576054733194,84.88321037807503,7.535432386333491,13,1,95.31244189548114
6.5185322522285,62.26745548406605,36.3753677509759,4.251130057319869,8,0,48.51534752000764
5.589859498710205,69.46478070209884,61.735673906415585,4.364509176839517,7,1,63.2882222123139
1.357752815516879,64.43468683853499,39.753163205108976,6.014366413163185,1,1,38.90561381246471
8.43537370809776,67.78363582324747,51.1039352478539,5.476452470239717,2,1,62.85973121858392
3.5474106172314905,85.95229525921228,77.92821003020697,5.161921615280239,1,0,55.16609486885562
2.271925848798615,64.85608578115875,60.941178408969826,5.405022494543568,7,1,59.94942286550881
0.8873638447702572,78.32023201484486,54.43273853447501,8.017413716484423,5,0,46.07389857223434
6.113482960288297,73.80252010995498,55.6409581070523,8.64614026815927,5,1,65.77605559501134
6.936861437501683,83.1835582681324,59.86403994638913,6.025513472637832,11,1,81.83166321254028
0.6575843748146335,96.84148696623791,81.0260753494087,8.530555010662486,14,1,80.86834867798498
5.364884053843169,86.62860486051252,87.98550478111524,5.60747850623941,8,1,74.72006691246894
2.6517098643804107,60.74701892953784,92.09675462275534,6.3821849317189585,7,0,61.43114529938332
6.629141508889774,51.55915675306424,81.14872010659418,5.130144989079999,3,0,58.05776993421471
2.1564810755474184,63.113202214991254,50.50144822362083,7.20238021087922,14,1,69.87477410594701
7.063908511973427,79.75389653501274,74.72875589562524,8.894905575874045,11,1,89.22432054605332
4.173985789855106,52.57129067421252,58.444203063600476,7.017465480216893,3,1,61.049886263861076
9.398934892998978,74.81831236006181,46.55359043299333,5.789070420567745,8,1,92.06245457279337
1.8064489693869359,79.84214244584446,84.65665266268496,7.239087229952641,0,1,50.61303414203074
3.7401303349774557,66.71219454084805,32.497712682551125,4.614603392326938,12,1,73.71118852340247
1.577998451785596,88.54561018729109,88.61452948880253,8.443295401326992,1,1,54.46068717445197
9.284589373646346,55.32991265668859,59.99603520060772,6.515419753899182,1,1,71.22082495453049
8.83472385711932,53.75688908679044,71.41809599253823,6.24674871019821,12,0,90.83399693551472
2.9504454632939785,86.40943781018017,72.85800494337587,6.929323942267596,12,0,89.86788170453444
6.7698484373247005,74.77456581030992,88.18265314592486,7.123919313947012,5,0,75.88365661028405
8.263610901911552,84.4201198213868,71.38352934086848,4.358879031132565,14,1,90.17679491167254
5.774407710194892,71.74136693018731,69.90568300940402,7.413086106117012,3,1,76.74319875978104
5.531680494382061,62.32010166195534,34.33238263644485,5.209658401577648,12,1,66.49307094593762
2.797596763554291,90.95511588371,63.69652142643827,7.569763162532949,10,0,68.69185484335512
1.3844762941560425,89.97079394844897,39.76098505310771,8.112673971920984,9,1,54.45256481911786
9.023549700556604,84.73482354272133,77.93319496689656,8.019792537762601,12,0,96.31298438692762
9.05397154305164,63.607256861498136,63.294424852823845,6.762504837039446,2,1,70.9020940649541
6.514463844096046,79.51153334345435,74.21480564854296,6.600849461553755,2,0,71.52685649034402
3.7207830149626564,68.04869484700134,32.70873853915498,4.714379806697059,2,0,39.68025358787013
3.8174909588202786,54.579103666331704,35.51148104297721,7.876730752015678,5,0,42.50070127824231
7.396578949267274,95.86567877311214,76.56102022407435,5.357046902233572,13,1,100.0
9.022547469549483,56.84093154594807,34.68548183991377,6.483477114089733,7,0,70.4367315634368
8.927321030518614,97.51186769104012,34.63168730474181,5.421370464637583,10,1,78.62559639805261
7.908817685647427,72.30028864789779,30.787050890267686,4.669141814998466,6,1,71.92884952923919
6.599300638465734,59.25664644193098,92.1725908894662,7.147788484458683,13,1,97.19225356229849
1.299329667452964,77.0950473689179,77.93804336483545,4.271660174114519,3,1,59.69981147395224
2.0354727838988307,93.64729179382041,52.96134155263417,7.743226170631,10,1,70.55751494834249
9.036264791007254,86.61124432047805,49.27481278369759,5.5879339763055835,11,0,83.27950288352737
6.261076066766105,90.32805739307248,52.73070993348022,4.000673465022427,3,1,64.29486382552923
0.5873719903579817,82.93916833553587,80.35247952677682,6.555645696186149,10,1,75.02722595494585
1.463979657227305,84.61382822589263,72.98908971957694,4.234259542638016,9,1,61.788946559413525
6.80326680652653,92.45978257826596,42.037711911385415,5.3808477891044975,14,1,87.09790468349617
0.5480850465390775,62.483400442959294,41.31710679671548,7.534882437278581,10,1,52.75607203808873
2.0276764884662373,74.47124818215703,36.395717231370824,4.31344810810933,10,0,45.51343308972163
5.712970998982568,61.06047209098011,72.91967678058697,8.196692461780012,13,0,76.9614175066572
7.073004378080586,99.38340039983234,79.68422304441285,4.019099613292916,10,1,93.40758252217077
6.693631965274705,97.20296698433066,47.228017841125265,5.2341193460095115,1,0,66.37748640716578
2.630558439875318,51.9713405684253,31.361422467009334,7.704520280760358,13,0,57.7849107838044
7.265702602801591,85.27875862578442,35.34115838596778,5.581350748646534,0,1,59.285391482489956
2.7538663312196006,96.26241587078329,92.91090226492699,4.509461940330068,8,0,68.4399768173411
3.591297132513043,59.02876725636668,49.20391053603232,5.80116959400214,11,1,72.16604618530245
7.591668348621229,78.39726152763147,79.99950460947869,5.351966431922627,14,0,97.04146634850522
6.671512540948539,95.77441487940209,70.60313197552715,8.213559510802774,11,0,84.5140693666268
8.56762239969469,51.69729892928994,54.82607657743823,5.566739587925715,1,0,62.985547573761295
6.747322476853262,84.871013362342,43.36967204271108,7.944662358880036,12,1,87.7528442121775
5.8989317316869805,64.86745036862754,37.890117180361415,8.459360724053674,7,0,55.243785612231214
1.3899102943668784,96.21980976882652,69.97584292252634,6.169087097882647,14,0,75.7436742636929
3.9933001290646186,98.55291225826838,80.35119574145622,8.54971571927196,8,1,78.15684215897151
3.0194224929763918,97.2133244556717,71.8537764801735,5.886590269815964,3,1,78.3683130231773
2.817901612101294,73.71071083287319,64.46963866119529,8.82039208245054,7,0,60.64916519965862
9.743600270148233,93.10213254946567,32.72682952305636,4.446447622627865,8,1,84.02288845929907
4.234428384334224,92.22746992675351,92.95177054363495,7.435096332516213,9,0,85.2560206052998
8.974442274182577,65.95502366216279,81.91642245754736,6.469070202284644,9,0,96.30818395800068
6.4958169469739975,91.44577370753387,49.033432385562705,5.938244027278236,4,1,70.76641978932543
8.05070738364566,51.85038173577463,93.69807140832529,7.163559393743005,12,1,94.97282742238626
5.275052384499325,79.81349392410266,69.12230332636094,7.519285458171656,13,1,93.33559304882536
5.980586903950411,61.50044186438515,67.85747278347102,4.021816348251545,6,0,61.83331633146056
5.178918091279207,56.02834428886394,78.6247566629196,4.834765443735994,9,1,69.04078063263856
2.354808384081423,53.84766008146046,82.76503622585895,7.565230253171594,3,0,45.079362567284306
7.3632950949843,84.81443879390699,72.67110947654767,7.331927067891032,0,1,80.75910399230169
3.16733744318813,66.9937481884033,38.326223513803,8.830237525643387,2,0,40.32973293570983
0.7310016810988115,86.23833857643808,51.98738788964239,7.805188951253915,4,1,48.15609207237824
6.631986811118094,53.26781703994712,90.32543662119323,8.75386353865669,2,0,62.94713745273438
2.182551454366965,65.76451689153052,44.600014769850375,7.512702507674035,11,1,67.47188231881582
9.434356551352685,76.97456461876686,54.190856549438365,5.490261043197216,12,0,88.03464055644183
9.562321481524581,89.53615824194819,58.08499739137274,4.526824611254282,10,1,86.08421453985638
9.191211707094261,65.9376251466035,58.56132433013939,7.909119316724678,6,1,83.03301018781288
4.016507652426721,81.29456882185045,69.84107286214416,7.220746107379579,11,0,82.93398772070803
0.6468378570242406,94.29888741180935,91.299929453406,4.240930061966481,8,1,74.41781490235319
9.31902634458339,80.79315940911523,45.64502626911282,5.800252329504891,14,0,89.31224490737809
4.567749409014486,61.64797373768169,37.897589459559676,8.78399907742143,11,0,67.54625833128806
9.68322078091486,51.220039077826904,42.83558184089593,6.502005728551007,5,1,74.61571838038763
9.654389782347902,93.50494369504649,87.65011851360252,6.163645680098523,12,0,100.0
8.60358982693992,51.063470542519354,71.97770282258838,6.2884980257964695,9,1,88.91717407830178
3.297264474661064,93.73508363420997,48.583941300545405,5.044413620025819,0,1,43.03022198691812
4.158428421718289,76.4468567013606,83.03655103296012,5.843535854323976,6,0,76.99794535743187
8.585798379410141,96.95338492564481,85.98904976362334,5.849066279935883,14,1,100.0
3.510759048984638,89.93916178868326,85.02343201486806,4.261775100937362,2,0,61.68699604452128
2.1101810935178786,99.89670552666686,89.73022468657103,7.837838142589591,4,0,58.882978187412206
5.789611993354327,67.53559077258551,46.3956663112685,6.082522159519395,9,1,74.75791638269617
9.39347035452742,88.35941444655634,79.07772536850808,8.110899434082118,3,1,92.98315725858654
7.112283068412244,70.0965456804621,59.9350673228191,8.251740005599476,9,0,85.57076902819716
5.915581115848967,73.99378101519544,84.729905937854,5.05997027349329,4,0,75.74389046158944
1.4231766908223011,81.37527316091851,77.35189401550485,7.286767410850643,4,1,63.72809361078805
6.342568653642113,93.68385570931693,80.4690840224821,6.361409020814909,5,1,75.76161069670914
9.9055115759905,99.20417345996475,72.65051944926964,8.400783689607426,13,1,100.0
1.8307981447469783,88.41367069322591,41.532870015530946,5.07870339588227,9,1,57.16593115028007
5.424131697455499,70.8883391083667,65.42674972830099,7.389066001550221,11,0,78.73132800765701
8.835044183315576,71.06785011385351,94.00353306909304,7.038760611263613,9,1,93.73152670429309
7.537301868664942,86.87911507944457,90.93022432231274,5.476507387859164,12,0,95.28158284364109
7.121649539455046,61.938857288415115,32.80629282680576,4.6830045182558635,12,0,67.03246917571954
7.173598797877538,55.52370565656973,40.71296302241341,7.258198802386383,10,1,72.94518172881885
3.915165936587674,67.73110788203883,38.562370274546524,7.692987290661653,5,0,48.127413319651446
3.289122520512687,64.36194958270409,77.18869414904421,5.57813671881675,7,1,66.23602431787597
8.18893097704588,64.81540602279951,83.15604644070143,7.224163020111569,7,0,84.79457161258786
8.196077249452216,61.680387552495496,43.87823881019367,5.975654538057516,10,1,67.72868004102251
8.737187026510986,52.104659481818096,62.88042504186888,7.566034416413089,8,0,65.45621386128815
9.175785249286477,50.89369673667069,84.645696820728,4.996076374470266,7,0,78.5310776522199
5.357752789178909,99.38611948680158,77.6321004098063,8.451075013180873,12,1,91.99729950687865
5.264404799528396,71.38865668679311,65.24541835697013,5.437047982327899,10,1,78.66585852481421
8.083804200184364,69.21633235798409,68.37259987982023,5.8389299387807645,1,0,62.14867585736778
6.674657342388769,83.9823641346535,63.0434355495582,4.290459760401749,13,0,83.89816788780843
7.168685333948182,60.912694393253204,49.34064933572334,4.557561061606382,13,1,81.86850521615199
8.06003035964296,97.49805919751127,66.72642953583605,6.579309513561641,11,0,90.08837846167492
8.95505074726688,89.3172507207776,74.7775446332559,5.337963383639858,9,1,100.0
3.7109539900895903,54.47055011561297,86.76598953095251,8.177401128710972,11,0,73.16590265335594
4.068038050079468,70.87903878924642,71.35893800865112,4.073466943274769,10,1,75.24731363905107
1.3928284284882555,93.95591537810824,79.47289990780527,5.89547024335968,14,0,78.34091745971617
5.993661339463653,97.2366011145705,40.40465627204725,5.686727733845464,0,1,70.30018283137912
0.8414516010690498,73.37007556249348,60.001235837286345,4.096638154588005,9,1,59.463231900315236
4.923181172258372,80.67056946053539,30.606555288761065,4.621841995002551,1,0,41.38446046363545
5.655124029721978,58.35169730460376,46.03412619390549,6.068213374593176,1,1,57.432357459377855
3.222141895218702,99.55843130684883,77.22001148234531,6.464322922237233,11,0,72.07372916187236
6.112915975405603,61.58358506917217,94.46764683770863,6.021448736274346,2,1,72.77229501840944
0.7897523744209696,97.13658870675629,36.44657647316903,6.65468839206047,9,1,61.887431663694066
0.854807793117537,82.48233244961843,56.09713053098373,6.9756583745284075,6,1,58.04797010706141
8.314705326266754,80.38683974394296,82.00461296544538,4.049619105639178,1,0,68.22990632463691
3.9218110934069976,75.63442555082543,43.26231625087843,6.32047579726752,13,1,70.19322490024433
1.7070748701929055,61.53349058588793,66.0805217046486,8.81749620443794,0,0,33.60056373441105
5.461310970520642,58.82640160027542,77.64963424192887,6.5951614006477435,13,1,87.81677645200217
7.8149387544368025,61.02431045350877,70.03905426691163,7.387711337294766,5,0,67.27706069725
2.55029976122001,59.32191310721272,42.22160775000205,5.5593192895844155,8,0,58.39248642347903
6.417459520280502,88.97922367833766,53.099996964573066,7.869956890763813,14,0,73.69151115169193
1.310800917440796,67.5062629583365,80.94646599155081,7.864607409380575,2,1,51.40190459160799
0.9909763511017731,52.89213382816982,66.02472341858109,6.606480238270695,5,0,46.26377638355286
5.547868999897406,98.45513150704056,30.339924880289328,8.880069116396069,2,1,60.91026824686217
5.6360336552960115,94.18929424817128,79.4643994018261,4.627751073813267,13,0,83.78863968744109
6.555584064232963,96.38761415976064,32.29523807111554,4.084738324447905,12,0,80.57096980442708
7.397867670365285,99.74539113232177,78.47269587753009,7.85079105878548,0,0,65.69995605598238
9.770594754894079,58.69476246097437,43.16123641074043,8.035777686824414,13,0,82.91694486390833
5.404853308861355,69.81210094513294,92.27477620775971,4.601036145602881,12,1,91.35825474722878
3.5680864929418368,87.91192378520456,53.91614883463549,5.327914164793031,11,0,74.49789947553803
8.054268850302684,84.8010309026896,51.25055506197514,4.087761816833145,4,0,59.920882372085124
3.072906386989705,57.69479531699275,39.677723271608905,5.466543053902823,9,1,70.24045822507627
4.670228496703543,90.79165624953089,49.864274006863965,7.8657093695933575,13,0,73.78411944788155
1.2453356227515266,61.22202859183304,86.98229951883303,6.589802638562895,12,0,62.37756457272538
0.7408320624468463,61.19088074113115,94.76173194577107,5.740477965841441,10,0,66.31368237812724
9.645159939440289,76.84872114467068,53.94011948294514,5.858696474531651,3,0,71.12820160024823
8.441811144865955,79.64699674208515,59.15969101204527,4.006768128577341,6,1,75.73927019062168
7.111754957890131,79.00431039189056,76.9346109831779,5.499002637826179,5,1,82.69882880904244
4.385052971935564,54.574341869887746,87.60272573022985,7.232293708189653,9,0,65.17102271979702
2.146296040673035,93.87304313151901,68.54788172214097,8.870972219081786,6,1,56.292045003840585
1.9861519053753174,63.2800021294353,55.44917038155891,8.235304134919497,4,1,46.948558220084976
2.8773075325636555,56.47574606414021,56.82041965516054,4.117974823227645,14,0,68.86109712027793
5.717653314708144,94.43740399344887,75.21517952229244,8.492803023374197,14,1,93.42980894271614
7.2886612656505925,97.78257491148767,30.209187134278114,7.91599206649313,3,0,71.18251358758923
6.771875078818447,93.10638086327253,70.27330693488965,7.901880617854902,6,1,89.26146264229925
3.159372020986457,90.4758037362439,53.10704567868823,6.289978795017857,6,1,66.60355522369319
9.571220166300344,82.7620990319511,81.62282653301048,5.990026464772514,5,1,93.35531552636094
7.510020708609801,77.54286853045696,36.044391588503586,5.514578644165963,7,0,68.92327750271582
5.766363498858307,54.34933799557051,68.23314735164539,4.328474294771829,3,1,60.69508818334447
6.311347089226346,70.42266065353493,61.263237842598045,5.141176817468495,9,0,70.52549647600145
4.486200593064004,68.6344258506157,71.75115918383977,5.233018174890123,4,0,57.600753477274296
2.853444400260996,62.98768918801631,34.21548364139294,6.420385348551008,3,1,40.48959270447455
3.881740447186985,86.17100568442925,67.69894618282854,7.737222032983469,11,0,64.91386882869249
7.699538049411506,74.79378675393855,66.49649821736904,6.369049141989733,0,1,74.85423065702533
0.6367381419826807,54.0523107953824,66.44290613705111,4.289222247235803,11,0,53.03926971529841
1.6026900848157042,61.009160097490565,69.22669832876957,8.78894900494102,7,0,52.08287358808537
0.9370250992066511,84.16293818297979,73.97041591971355,8.713621595470562,0,1,50.07644959223055
0.8869236220302164,53.80654297451501,82.32428497925002,7.925947715742042,4,1,48.25927120905718
8.626875548104568,92.56034570243844,47.538346808333934,8.956639507821102,14,1,91.6770648039114
7.184749664110225,74.75732635069872,83.62821166170403,6.7224116640013145,5,1,81.95081877018353
5.00465137632959,74.0293288663324,62.38661934712449,8.81384175126603,5,0,67.95240674416101
1.429424526184514,79.62038923297588,35.00878814373152,4.378025203083753,12,0,48.323064856711106
5.1703508136099074,91.23404829625746,33.80581040085865,5.828403741306857,4,0,43.56796374052951
4.997981822415374,67.39046039510966,51.72549071524395,5.126906340033829,2,1,52.505005912778294
2.145417764145144,83.90080762795318,81.01830351224538,4.97916542067135,14,0,82.46148555768852
4.621590667760744,78.28659819978955,75.99926075815952,4.704014744463381,4,1,58.29230448171283
4.285794976775048,63.35141350847107,81.25997270370641,7.112068207829983,11,0,71.09057317216802
6.350575931496056,93.9314993177579,63.622488668704605,7.906609278736525,7,1,83.30115233570486
6.533389683242616,89.8713010803464,58.61293486710689,6.891491997101803,13,0,100.0
0.9303880928344229,82.92259173292128,39.584414235908454,4.734813547941048,1,0,26.540899282174458
4.058819838951477,92.52908645471209,51.33252898460525,8.055618849667354,5,1,58.641991588715264
6.445669199285246,93.36471004799012,58.211258801301895,7.179773535818642,8,0,80.6983421224451
5.2797944565108335,85.41814883575174,35.75902792917512,5.9408285306349775,7,1,73.46655544671685
8.636653491289062,91.85066641818361,44.33977692622873,7.370651477680315,13,0,88.63109038493705
6.757589500379978,84.87357308346418,68.88464411414301,5.299524896214164,10,0,74.02742876825636
2.047877057273582,84.00703858801502,77.81810242554734,5.725961042471052,7,1,70.13542826449932
1.1704031003040836,80.93056891075922,94.89258824054173,8.587429215659952,7,1,71.69617810611157
6.6029831429599986,87.63583197788206,90.65236653733125,5.452522528357102,14,0,100.0
0.7518574501454072,57.93025526465368,71.76673796978744,6.349941340789683,12,0,64.62870452580934
6.064868022097901,94.04353795994642,57.38112346411468,8.450705686980072,6,0,75.19117861446541
9.432187293537098,93.5921763872616,71.35152870603513,7.538606751337637,7,0,89.42821901399097
5.96700468982085,51.462364151727954,81.06735517521508,4.311016130823514,12,0,88.89986797736387
4.187614298961958,91.29083752823814,37.691852410020175,4.736515221394852,5,0,52.2692355412798
6.611238075202355,56.44349337367226,56.64381783025874,4.039207953859584,1,1,52.26215725636425
4.853402459669408,66.7559427129571,84.58714856631512,7.154608951145817,1,1,74.79039554727814
5.683359498501382,87.1754128145804,54.94914187564786,6.238367127052092,7,1,68.27590187072144
9.44391568337699,58.03799480241541,67.17169762976712,4.671374254511377,10,0,73.82041946773663
4.167975059107356,90.8983512059531,68.20500845604289,8.789670605283852,0,0,54.7924464576016
9.631310356327186,91.6067088978871,41.99095645368656,6.6482986197280995,5,0,78.49646503080062
9.100831098582606,75.37338668804182,53.545303707398745,5.209466470564446,12,1,91.03933966264478
2.3600157804983164,50.31929358584168,51.74323376822559,6.503017855773537,5,1,55.33853325582753
1.1589323583140718,64.35190665874563,31.702786054584212,7.398101663675539,10,0,44.31784149636699
1.4573910130855532,80.84634591878711,31.57246465293809,4.381196089867823,3,0,35.86742222923666
0.6731073436897224,99.05930890137117,84.06030783892527,5.37351907523946,11,1,74.28530366722238
1.3972081271813197,81.59067635083342,47.74960264823281,8.034827454419968,10,1,58.08703091793912
6.98856434745539,62.99017905320799,63.675119805523,6.2983243520133065,12,1,86.59750420527597
1.1762921603721754,81.70028515498056,49.417162283270244,6.732885710161474,14,0,71.09599297182729
3.530268487790732,76.99926898579278,91.14415093249713,6.164080011047346,10,0,87.8800028577121
8.526315454209819,88.99226975755718,46.85428932627529,4.219499713215026,12,0,87.48255266793113
0.7210833894903457,55.34903194134792,57.92769282803078,4.82874889910078,9,1,39.842680488156724
8.237450584594889,88.05139512510141,86.72746628149912,6.2277081937094545,2,1,84.12688167201786
3.1776203603472992,77.06332893380551,84.72568184146756,5.045927327039639,12,0,76.14607665570063
1.6225658624057344,98.14960019294973,42.09659216000803,4.249895143298394,10,0,62.02619354915645
7.119003070959431,67.0936083019343,82.17181513672118,8.218248320259118,2,1,73.8290122367884
6.474957044408898,81.6310946566974,59.78214763796302,8.90596264582058,14,0,91.45828690586363
8.835984128507002,96.60140527550087,61.39297668554809,7.965714369983697,14,1,100.0
7.483174916136915,55.12548639953396,38.67619820703635,8.268924608523335,12,1,85.83148439891637
8.133068838656062,96.86142436182256,35.2390983942131,5.2098856515852265,12,0,81.47886824694477
3.1793284394274117,84.39428611504067,77.31605495329474,8.803134877565999,0,1,57.53648513409601
2.185675665907367,53.39185295525859,62.269974903094486,4.984628522267142,2,0,43.78128526190254
7.6308401405881545,65.04817834734081,58.395295669986666,8.757149051809161,3,1,65.1133053248042
8.164930023039009,85.40860443226407,77.41803486240579,8.974096469829755,10,1,90.25655969735939
9.909798849006396,53.36753007343859,79.75833843442214,7.5586140287302435,10,0,87.68969146431476
4.419867930658551,79.10852300881366,40.32903089850798,8.90571865895911,4,1,52.7878623756979
4.03417181503144,67.29415284764784,69.66463471604669,6.847698897835518,2,0,58.15073737938368
7.87592312704897,81.04577588837385,38.79801534804956,5.297708915880452,5,0,56.887957204767844
3.7376336324036696,52.28710169062564,78.83938059188796,6.184979428328104,10,1,65.39541603870231
9.342194593233865,93.57684030761882,72.70208515736407,6.96780467689393,13,0,100.0
8.654921142508613,98.67444845886985,92.17995037042476,4.365407810135075,14,0,100.0
4.575443260062674,98.44389276428458,34.482271063167374,7.111716323086231,11,0,73.74634752992698
7.633275144019225,87.48259158714623,33.70855687483153,8.905889183811473,4,0,55.44216750618471
7.668157303804482,56.5043120065316,48.342159855058014,4.9505382489186385,2,0,55.83897435824965
1.4796767539413598,87.91315979645113,47.01086944283389,7.962975581441917,5,0,45.73943491946685
9.074252613455883,51.229345822940076,46.053621939679985,8.539493968898096,5,1,62.488871756136334
5.299897538254643,51.106177576449866,88.90654773386738,8.718507964101104,14,0,89.24573635778529
8.351345928023544,66.18051095747705,46.220502990217895,8.800678022027236,13,1,92.95246197576692
3.5404712097908115,74.43215952023328,47.676732198361016,6.60729819360736,7,1,62.9805312074791
9.007470670713904,88.52037089038966,79.36088705716764,8.886539539957518,1,0,80.6885222707209
4.19741594797455,84.16476883032526,59.2330897592851,7.786551035672194,0,1,66.44543632056919
0.6029576890628344,72.29513531883742,80.48618620208677,4.808357181184809,3,1,54.71708563021538
9.101128775983005,63.68133331408329,34.24880024168504,6.38450053233985,6,0,71.21632387919637
1.3672234294682688,99.85622500788556,61.69212758876998,7.59165587686002,14,0,76.06841326043784
3.533479557108941,71.30906511179865,32.18488401191337,5.236701579095417,10,0,59.570799913891996
9.525588686982648,72.56935121648377,34.072458224598044,7.203075917744437,9,1,82.47788687300257
9.530767895906783,58.181191059583455,88.9184344673867,7.3330023952330965,2,1,81.52933160451218
5.947659937171218,89.74047743749647,39.05094912264369,4.81349871904283,2,0,56.84866819041472
6.502453515613093,84.68411128907442,64.60734434788911,6.8254265622637815,4,0,68.59334720501107
4.760232458794038,61.03848063943802,56.72121416904592,7.858134554893038,4,1,58.39153054259882
3.285502331131613,54.11905228079213,52.577316206824776,6.49447832267971,12,1,68.79210605974039
3.6223131810142015,84.02496510373565,88.48916746967271,4.060515583880537,9,1,83.10515657111185
6.888925332731865,82.72556071405677,31.418520790406816,4.045192345396461,2,1,51.64525100319245
7.64755802965796,63.662976349910466,73.1463296014133,5.7851467198500615,8,0,81.99228202493089
8.02000091539556,97.54317811252051,92.62063822388077,8.63097034215891,3,1,91.93903057887835
8.001372356548263,57.55289458904501,66.41093192501972,5.143383898018044,12,1,91.5321343152062
1.3664579789625586,71.6167400521301,90.89346003215097,7.171818444358436,12,1,74.57745715928246
5.196992894674524,97.18079600837994,33.396762153591546,5.110379353466603,14,1,73.2610534089118
1.0468082201581206,70.98636584630611,57.22156573982049,5.608349948297743,2,0,42.592092212728694
5.720524382075488,81.92629738320429,46.91025641253333,8.24021044800742,10,0,73.03375963288023
4.694539763047081,69.87971989813971,77.50336272374744,7.644307211349735,1,1,67.88509671344015
8.933189736203849,63.7107601174335,93.78431088232104,4.476996386566054,9,1,89.78045600385256
3.8336926192447476,99.19888239799141,46.67445405887611,6.143510104932168,12,0,78.30759307566343
1.6121366560622556,70.46670031575215,72.52134909581484,4.145848818226322,10,0,64.57931630145009
1.8584209795019406,94.70496018395673,42.87634612938311,6.404450733015045,8,1,62.375970173844244
7.734351001315987,61.49773029455431,66.74646654715465,7.31217005850534,3,1,74.92890844170434
6.37307160150448,60.655235201254165,60.15561163474185,4.592513117990758,2,0,56.61110141960378
1.4606654231665073,51.55670414422557,93.18034642604991,5.444424694545829,6,0,50.737110688897545
1.2990146580924757,82.58334126879424,69.55427272527032,5.989183127510785,7,0,60.69251770454793
7.1592067488616395,68.42631718618806,52.717914185643224,8.597655123280248,10,0,82.89635863120029
1.1912485604598384,93.21791249198185,37.41622601771567,8.966275077114819,13,0,60.87718540840314
8.307670563258384,73.66049533457786,39.831043867770745,4.22455649497808,1,0,48.585772262077896
7.209301157986714,98.40967139573608,44.64560044683028,7.80503961747696,6,1,75.18244014641265
1.2728134160980478,59.27627578515606,46.312832987119364,5.858620332011716,11,0,43.98785921853329
1.305958283809323,93.43115839778054,85.29004375967395,5.9622909311474,4,0,65.89154422820508
9.873075995761166,88.82984263958708,66.47948123836412,7.771324866735114,14,0,100.0
4.055572559683143,88.5460922322026,64.02040923933382,8.592132160727044,10,0,69.84603910894862
4.021100397135464,92.23916140584438,37.459976671499135,8.754642972512741,4,1,50.77204918801479
8.221595888946275,88.05119954714993,85.90908006771328,6.885612930191604,2,1,81.16586058758419
9.498861485146657,81.31101608157077,76.98292970855144,5.785605796502514,4,0,79.04847489549071
9.867010106317274,56.56224388411938,34.398443523500106,7.937745429293896,11,1,84.66617653670282
7.657092759959945,51.6263089745626,76.00928131993496,5.255006916311501,1,1,66.39799684809584
4.074466062543699,96.04239239078434,65.32998412727198,6.820370144167589,3,1,75.21812471998433
1.2932568086373533,80.8325157260369,35.312147473540584,5.792892307624365,5,1,44.45018233056065
7.882895701310649,89.82686454880881,59.78954169936267,7.283155368539381,0,1,64.87646359274987
5.804840372490148,74.0761175756275,61.50525866345305,5.201994564467535,9,1,70.90664504988192
4.530109087846275,55.86540944811972,40.775345110612925,4.957964728674129,3,0,43.855142887791516
9.110366658399991,56.259289610127524,91.47037955501835,8.591195433377186,5,0,76.56643837195404
1.5563760819084378,84.27826436144858,85.24839914624303,4.509018414747684,8,0,61.64939622284482
5.179938490763162,71.51529474497313,73.48645192639205,6.529789538674658,13,0,80.84395515758406
0.6078596252904811,60.02623633501683,60.04921146503947,5.104263914815045,10,0,56.308551309938736
4.9522760989442,74.57972733707184,56.76476020299305,4.1946498166283375,10,1,69.46179743926562
1.034881118977455,53.21044685375671,72.31327536481203,4.180094091457132,12,0,55.092156037479086
1.6287702045466832,79.09857009571994,65.45307151144885,4.876108860529136,1,0,46.44989532013018
1.6164993443824964,63.449670221754886,34.047751882322565,8.33385177253,10,1,51.24187772525385
6.667497870102604,89.87795503185941,63.31267217007156,5.4123937198851335,6,1,80.74038226640079
7.587426353021521,65.51809794617868,82.41623512013456,8.752295852876479,5,0,75.81322186251619
6.0420032684230165,72.76100745409006,59.85059204380227,6.908111464945968,1,1,64.81749314084108
9.640639210508148,50.58102699540503,33.37717754102745,6.183070948843831,7,1,68.09480723209322
4.061270505475189,53.62234438972794,81.10808295996216,6.900444173347273,6,1,74.90221722388803
3.214264819677677,69.62467782033424,43.08864583883833,6.583491926131339,10,1,76.85309291078518
8.751691717799872,73.99694173585618,46.810354267722516,7.793881268786626,4,0,69.62964088034408
2.6241604659348,80.00102740596519,40.70591297309923,5.412480329864261,11,1,59.98977866706951
9.650614124685807,64.58312893546517,51.463979216647346,5.765251958001512,4,0,71.03814289288896
0.6154675095532552,84.74909430632712,79.18884786976128,8.470471512666254,6,0,61.10642189854404
9.71384885372257,93.00611985946023,63.760080867755924,8.732282565752026,8,1,90.83752170313875
0.9100191635304731,88.99254944466749,43.31728281979632,8.462791137432372,10,1,59.85831108400673
8.965859580131676,51.980941267417855,87.05895507988265,6.097239969786568,14,1,100.0
5.513160536319849,74.02534736289145,87.1728205718494,7.901827515034409,8,0,84.16582912035796
9.933165563133354,55.246508920908745,86.58759762799045,6.381678666505493,8,1,98.19446198804891
1.2010673649862893,62.10225079312637,45.521753739800054,6.487699260730511,5,1,51.44556296679596
5.761615701812548,99.33312966335733,59.33055737176423,5.023400545286419,9,1,79.71356289090323
9.70837408838144,57.12477714507566,94.02432764915687,6.9556515162925825,5,1,93.3886996988058
5.469429519616414,74.9444076725678,80.18081096014937,4.93067948876674,2,1,63.184890866752056
6.479287062284994,80.90778671590596,31.765882379661388,5.657823495335968,0,0,53.97749360097038
7.109612545353863,85.12324852720519,34.23829843193198,8.275151008099677,6,1,76.64174175784814
4.818140115293845,77.98243417434571,60.15553949280163,5.035379046054276,3,1,64.24333673092703
6.461801760798602,50.48854237095918,89.09931338100141,4.355791425867164,0,1,59.84276568759558
6.0509859632694525,66.3230654121996,65.01561686692642,4.345037963064081,14,0,78.93534257049109
9.061001099664395,75.88558216923558,62.35781302222887,8.70392260251554,7,1,94.01697914608191
0.9317406132438497,54.39332495724167,36.85579049718099,6.534602189809173,11,0,47.23181269131906
3.169150301126188,67.53134656045904,72.69070680707911,6.0470603590850915,5,0,63.12616629160317
9.528909098727308,51.66015543956833,83.43670543901466,8.054392905039592,5,1,85.88290451815548
8.957505946963705,53.928924857751035,54.727300487991556,8.179129639552581,1,1,64.22275065380383
4.828739151464273,69.8461638100798,80.41477031014628,5.660955165578023,14,1,82.08522426949771
6.391259679114599,56.63578770215302,92.69098250355276,7.468090287368977,0,0,64.45747188170975
3.1351212383207603,78.3770424130779,43.244819843299794,7.855614079259433,12,0,66.28490706489383
2.2871510173757326,84.47324845686329,64.01642602765818,7.273253434329773,13,0,82.81443497196547
4.905134846929831,90.02933495545415,48.66396727549741,4.757975374000496,13,0,71.48948315665567
3.856846166247502,60.007512212240506,81.53553723719955,8.379415417585285,1,0,63.6765129286546
6.044733062583285,58.37412911295349,67.54356878227523,6.695472763680043,3,0,63.2981668068055
1.238479051167356,55.228392016720015,71.24785714076975,5.412362131850019,1,1,45.23000219530749
9.756750672828582,81.82151247718184,81.86442037503312,6.1261409271884695,0,1,79.45025276892122
9.869002072556228,85.32378632434506,55.73808072305957,4.187855451994537,6,0,80.54312049371235
7.132536283187579,51.5793072412821,89.48085444645781,4.639334006112088,10,1,87.34688278880462
5.592915480269144,96.81061231218449,64.6468763709991,7.827733752579304,10,1,91.20308912423363
3.4405123547201137,52.59856418257362,40.26706348429762,4.00005817377683,14,0,54.38005864204704
8.231052687216012,77.06481676505352,75.23344268097216,6.082829142411461,11,0,97.84448396457418
7.004946139261853,85.45302597254582,81.56198777848654,6.612550905427942,7,1,90.38134374381468
2.044860923776467,93.54845618730428,50.58950900938923,4.273172100004862,5,0,53.308468659406756
9.153808252691503,85.70434660662139,85.71665170491895,8.865390814861664,3,0,80.34391811030416
8.314103807770106,90.08640415348958,88.89931155977482,5.13062665624836,13,1,100.0
9.523099176273279,66.97250962714031,47.998791679557584,5.520993598181404,5,0,71.87922236098807
7.39433532968942,90.7412556873256,93.92889572648943,5.519712561275137,2,1,83.72005916535755
6.327444361390004,54.00574231923376,39.1462493231693,5.152083310586749,11,1,63.76839092222529
4.473308844760879,94.74083280302638,43.131018446161846,4.007369110431557,7,1,69.26225993795696
9.360920591863126,77.37961880768681,41.9746145504717,7.646723970439982,9,1,91.3896863671871
8.727606950253879,90.86488849812469,88.10933115051158,8.834227498996427,13,1,100.0
0.9295773660087994,72.615914225915,72.52901590112252,5.121467416425226,12,0,58.29621218933631
0.750486257723894,82.17888475982625,39.886778409447736,7.315235959017112,12,0,56.99217781241878
4.076401985341471,76.32013304680567,58.62102219394268,7.709481634793575,1,0,51.63425908392372
8.200256642427412,86.5794760877666,69.99437162953714,8.242126895452625,4,0,75.5389699188168
9.879123228491972,54.08149910152948,35.42516552430992,6.113145985068046,0,1,61.646558538679415
1.9289604654835177,53.01760419952819,87.35706394647701,5.514654528202146,5,1,59.349579407801336
6.144241795845284,62.355161700507324,82.23422980369978,5.6264756701151555,1,0,54.17551229829742
4.118463137994704,57.97723400565942,62.838440282481486,7.563106665492564,3,1,51.36777010163931
9.71418677923873,93.58917832961009,92.86322999184608,8.083897332528181,5,0,79.47673393761981
8.500129769789233,60.960699367902215,57.15446365288148,4.908069838783013,9,0,80.6658339519357
8.46412269475581,98.79326279095656,93.96717073737236,5.854705040788826,10,0,100.0
4.9525850180522175,66.84478958855534,73.41479992223576,8.50970098374575,7,1,77.28953862682661
4.440785272207819,59.10589578443496,71.2536327615062,8.033467598473695,11,1,70.93968705128361
3.097367183341709,89.48492535712396,40.78706819422602,8.92429201381238,7,1,60.72158960928583
1.0355672181838076,82.9353887750438,87.32530428980186,7.771241298410404,10,1,75.08757367810703
8.714862574423005,74.90978582265694,57.78682971483998,5.965976005139611,5,0,71.68855391672588
8.222559586735738,77.76817754688156,40.54517137586116,6.953189169973189,3,1,63.52379370066624
9.99731789621824,85.96008891361319,30.819488798424338,7.305071271236601,7,1,92.84569564289703
9.9680499522021,61.422737066564935,66.38411943649487,4.392279081585619,12,1,100.0
5.776601203224961,99.8166958028371,64.28097543797396,6.722484795519326,7,0,75.99187902580066
7.805380444214849,98.73965810733915,76.7579854539953,7.546604142363048,9,0,94.48907165890728
9.475274433883067,82.51628431734684,87.86677344615714,4.836606520005302,13,1,100.0
8.57165021143541,59.97712254645725,35.16142800179692,7.903158587127786,0,1,53.760149587798004
2.8498069665603776,84.01141212156458,77.54727187212356,6.918863902570559,3,1,74.21539430491572
4.780169285445888,53.60992044895879,42.181776366342845,8.761108928487973,3,1,41.98854325719821
1.7270144439392023,51.532625110290304,85.78150845521566,4.212111491034459,6,0,49.658863865137825
9.563484758957863,62.884144425560685,83.23912840100765,5.326630687777335,13,1,100.0
6.25865902728336,73.13114783696582,65.15159407406038,7.00776939649912,13,1,98.97421587738951
2.672106652282896,93.41362527041903,76.16578191051525,5.482799561029653,10,1,82.00405656698887
6.881156501855639,86.3584534883154,50.43275735694365,7.572120820356211,6,0,63.29799782210766
6.37221828435001,87.13532605999904,60.62591343063295,7.795026412609655,12,0,84.67056550902447
3.9025458213119846,71.27466672240377,83.40639835118066,4.512579820332372,10,1,76.62995719303362
1.5787971258964757,67.29674962734815,59.852237816258906,6.569272321033838,14,1,71.30250165792283
6.879945358131597,68.55193814923014,53.25688724615372,6.5444527779552795,7,1,78.3828105581763
5.442923158586036,99.3824781868029,62.12380907126949,5.846403851077705,10,1,78.18026638650822
7.837024721488573,52.005459570624126,83.83620140841919,8.66462431284836,4,1,73.20938365201172
5.441553260563937,93.35157480612243,51.788523079106724,8.137531599366106,6,0,70.03891757956957
8.59572425302613,78.93377042861967,41.29450355382335,7.486046909548184,7,0,78.63261316560019
5.743114968357613,71.93077095947953,76.28091132150075,7.571633178674988,14,0,88.57169953576778
5.82891072958617,86.26288302075682,83.68858382602531,6.308580719065596,8,1,85.24868389317808
8.828209225254279,74.33344707123514,36.541436104029664,8.604972605482878,2,0,60.63487330830954
4.333087229017772,93.67116190408302,45.591817329136404,7.472977136266427,2,0,59.017222315677216
1.773144670281087,95.03509320056293,39.2281793344646,7.644905308279082,3,0,46.61292675053305
0.7734354249767202,71.08604634367276,52.616191752840834,8.308454518936726,4,1,41.437246334112864
7.673803928899381,63.841389861752575,59.27281362885182,5.370357946710955,9,1,74.17373327893891
6.392940737857915,79.61751642966811,78.67371190261491,8.035354519333515,0,0,56.362889114856614
7.188757796942624,95.61816728083454,72.32459301730881,4.9762030147824605,14,1,100.0
2.523159534334652,60.53310945028333,70.36035688609803,5.7267097612244395,14,0,74.56317149908264
1.7955290180743129,81.14832917817414,52.90437152962754,5.678052271349213,6,0,51.26641044348758
0.6381743238448783,81.57801100462603,84.6940909505094,8.892627341945703,8,0,57.982123060054576
3.8305818086626715,86.65565112076405,60.6336658808807,8.282686118739633,7,0,61.826026597458515
6.104218025119014,56.57838425636299,93.64182097098504,7.505849307951299,14,1,100.0
4.226318428447457,85.79124823410443,71.2192389892229,7.6352838080769505,14,1,98.85729817957889
4.656011759225426,95.45162603328205,38.20720820169268,6.810363972012855,4,1,61.21487345050532
9.08950759769061,58.984155443512094,73.95154153490321,8.735453335542594,13,1,100.0
3.8084269367213532,61.87716624619388,51.13176100306043,6.481293764411808,13,0,69.2409662466094
5.382900147018202,98.56975470208198,74.61126778459634,5.902588549349472,3,1,73.60900197460971
7.944703621040859,59.04884763547449,34.52667463055637,4.815176684657955,11,0,78.07810175514408
4.267156432052067,92.71925466847895,41.36729341643736,7.93102826130529,6,1,65.61216407790872
6.409823652164798,74.61389282240174,85.62292182887612,7.672219660377957,4,1,79.91211541235734
8.69245523309408,62.36155372015885,44.76667120652847,5.921775192620674,6,1,75.5289031576261
9.5204459247476,93.53749506362557,84.4076731407911,4.125967069796147,11,0,90.15217375105536
1.8971980688258605,72.26526275013327,48.15294574953668,8.194986638590054,0,0,38.204475119685036
9.302582439034197,75.74086769648451,71.787324153816,4.0570899172703685,0,0,64.33117241922518
5.175104784255613,67.96166846998828,75.11978727813901,7.518498898145255,9,0,67.49645654881479
2.9533216888401044,79.64754257174637,63.32255895442844,8.851285548630285,13,1,73.9570227407011
4.861789684263482,58.17619362925114,49.84519398528754,6.188306640741017,12,0,66.26353943111853
9.810309465212033,69.55407683258804,43.82188446412125,5.174867024979764,2,0,70.37031442123669
5.179871892932261,98.47061611676438,32.1573080465577,7.524355050216909,13,1,77.02673988747733
3.623140297731328,62.90667163505638,49.756516080647046,8.085640710077925,10,1,62.21409515961573
6.517308116008895,82.8368332270646,72.45558138453339,6.732151580389237,1,0,67.89770559167583
2.7813833783928343,66.25950321123474,90.98981319915137,8.835176376280732,1,1,50.297339977596316
1.2207016170323073,88.67365628433004,86.62829134709838,4.258343608289805,6,0,55.65101056024304
1.7243573581511678,56.54368303591749,79.79421047479467,6.52397799152264,11,1,61.83500696132603
1.7164354700988382,98.49105225392724,81.24907731146442,7.59226973661275,9,0,76.42052822906854
1.9430755883667963,72.68947706918196,73.22401872593969,8.313202355745894,1,0,44.80711913066847
1.8188581401693962,61.8025231673232,46.9186457417902,4.89627805953895,10,0,51.60519489902743
6.588310075630539,53.67483736650063,88.96767699587895,8.000017408818408,3,0,71.74811448641435
2.2278608017918757,58.48789525437704,73.59760027387921,6.763535378592726,1,0,42.41449304094561
3.7838391915767007,75.98869742780089,66.4286410137286,5.982768409949816,5,1,63.57480560824686
9.019489894107112,66.85015882156432,37.21431549887627,4.658575142895468,7,0,63.48055927369107
5.0026355824972875,91.44416829413046,59.058610347417655,8.326478794544563,9,0,68.14237352243022
6.841798515949758,71.5443761830903,59.92328762812521,4.786366040898577,3,0,56.77919275180205
2.1370387764154835,62.435713629381496,86.19663461897355,5.548939296045496,14,0,71.58298114841429
2.3267456786823724,80.8572493302015,65.53213431220625,5.450227659812184,4,0,50.994040150359595
0.8882518545315492,85.33886084427229,54.72603568307663,8.357070170954271,3,1,50.59042781943484
2.104883099185563,58.35209539504749,93.49202135319285,7.36351497104449,2,1,53.819606419570725
3.146608220803607,58.380960814415886,37.196838566210516,7.9834069859568615,4,0,44.39876995395341
2.1815996006290947,51.83357134667715,57.465647840276404,5.252339493962495,13,1,67.76337123649516
1.3426740706920284,86.82010075328202,32.73160388614134,7.1243704980349944,8,0,49.63601369135368
1.6460407754557078,83.19022638109026,78.09376784985048,6.858729915718744,7,1,64.68066663366827
4.877398296310895,73.7315437874907,89.67497589294479,8.164151883941354,7,1,79.50336414386149
2.460170324855029,92.20852244845986,48.20242642078181,8.530435302406303,7,0,56.04799675547728
3.9605636799567168,90.28350764750266,85.79220899194286,4.060783857386934,11,1,84.39383935044862
5.28246407312114,79.2677182198376,48.994184980023356,7.370099595293963,7,1,79.1129422956023
7.058750871978971,93.41356402566294,89.2000605068545,4.259178995598645,6,0,81.68058044373434
0.8734653284904399,60.292060501838414,79.00752373379095,6.74429332538678,7,0,52.12483473968632
8.094398789635905,55.5959809698864,82.31894049469352,5.438163645218391,10,1,84.3469523853318
6.465053700163624,63.48748057584948,31.170426114029542,5.533882997610706,13,1,71.6574437673574
1.2767108035142831,52.854342804465745,92.58267320981169,5.764792517261783,7,1,54.67262897532788
8.798996929014384,76.5584764000516,77.233614484571,7.106462245248051,12,0,100.0
9.248287805052225,96.83028461474808,49.80882120009866,5.670249828343846,13,1,88.6933303913083
1.0802406186212057,51.967177033425486,83.91065321582505,7.663495252951402,7,1,62.059365970971825
3.130337657398435,56.105495700501336,48.298877896970446,6.022636927869348,11,1,60.17717341747353
8.158912158034083,72.60995141417176,86.72899957179831,4.341766001549793,9,0,82.84888620818072
7.608467058644754,96.69375087639524,37.317725376775904,7.918799212420536,6,0,67.6708534048252
2.2529496838855847,65.80780524883752,75.73958853495172,5.42879162296353,11,0,73.14605831043167
2.488818571698748,75.36174043441963,65.14540098191918,6.163834397996313,0,0,45.50416720854779
4.019484976518129,52.0786429525196,36.274740562703656,7.427219416109508,3,1,52.067734117749694
5.102968359314703,57.41716004810444,45.72309883682453,5.66228078574356,12,0,73.75880478514209
6.373420329537812,99.33150614794235,30.80626235802546,4.282928280733578,12,1,80.76461032935474
4.004679575912838,98.25593482180227,60.46991775519288,5.869605235064068,3,1,59.48242916355545
4.894079803264905,50.24699904672048,49.58224194940003,8.722242913471517,4,1,53.018002080405395
7.600973912270687,97.59058927116195,68.89323647935433,7.20867198649279,9,1,90.5404429137276
0.84849042746068,81.95599689077503,49.32045750106012,7.357395743336035,5,0,45.022540673015605
2.898150971268197,93.39591472600111,49.49474224795401,7.161410768188199,3,0,53.544989255702326
7.276821065903248,72.73699278169295,78.30755791755422,4.994960694797184,14,0,90.46453248048391
9.004464958028393,75.77980142896251,33.129284338592974,6.0916693205114,1,0,62.64324745804213
5.360935700098828,74.44232901284602,88.68817468747918,7.754698991816591,5,0,75.25743309507041
5.5550781100204984,83.34321287730522,85.3971518354268,4.506864487765796,14,1,93.24072524922539
1.5181341077278725,56.98256273781564,73.40730440971643,5.389263880448562,7,0,54.3771737358531
4.750417484822819,51.4986794936339,68.55940205697998,5.3815955423292685,14,0,72.08534349736367
5.55986403132272,65.39649707955954,87.99966237907739,6.16009463797253,7,0,81.1026354971702
2.803469784529932,85.23403813683234,42.04646166936644,8.901843704710926,6,0,49.103348430362686
3.057810694019119,60.09267260614742,35.13299554240386,4.33751273341911,5,1,51.92636213327529
4.084199549493915,83.67162166624587,45.568161044119975,6.593504971902975,1,1,47.68972663797351
0.6906763788884005,98.49560230536352,81.64758811551238,4.896823410061052,14,1,78.42715487017188
3.559752073040194,54.69503578947092,32.25356733722142,8.853382727048722,6,1,47.44730508200936
2.508756066467174,83.63010591125632,67.88244428042682,4.566517523637321,10,1,71.58090001559425
3.611224845690189,72.18751096522855,94.70343855243514,6.018005011807956,11,0,83.44229030666338
1.6377402522828866,93.40711271887527,85.62024609944007,7.68942492417303,13,1,78.14411702889724
8.960009167029002,58.857489472369295,63.89396978783331,7.522772140137226,13,1,89.65713589855483
6.139128308763462,84.63129761130823,34.13665910363175,6.1136431844696615,4,1,57.10351724494683
6.951472031872651,91.90576448240552,84.03927843507114,5.732620839763591,5,0,86.58453942819627
7.997126766769714,97.23071097370116,68.93360303151869,5.988061892764353,9,0,90.44185083608922
5.235200889826044,84.16240141448229,37.470644808871846,5.321381315793197,7,1,60.82590349997406
1.325742736830525,74.85873820042136,36.100723513518155,5.0266646935339985,13,0,54.02285620035527
5.602512147276204,80.8923620100607,89.1257432633785,6.41519848779445,7,0,85.30880995089178
6.074990621198352,93.44524922393592,73.4980170909751,5.342668780338037,2,1,70.96792601659062
7.581675004751135,78.53048733194149,83.90364195558911,5.437308324486251,11,0,88.52825289630772
4.600765689181954,51.519352984841845,87.13362851834738,7.283780317372785,11,0,72.64856254499064
1.7120128765578557,96.54743477534889,67.16520288314095,8.84268665849946,13,0,67.46812974063927
3.1958711050878823,84.47633755157806,63.63401286407768,7.018186002796876,6,1,74.27508416154744
3.9492818157870335,83.82566928886233,57.97778167086436,4.3848973353248315,0,1,60.31154079308946
6.636213792650212,60.78375761988586,50.601528206422756,4.3779180692703346,0,1,48.43301026577796
5.922393894354663,82.94427351163286,58.24873745581627,8.75711610422783,6,0,74.44954768252936
3.8829188960295395,69.69322028270793,80.30217762246016,5.486453951536668,14,1,82.64013531514122
9.871894863533306,82.5616488520746,69.12502301598354,4.460334930412377,14,0,100.0
6.254860783890428,55.32965151539953,88.014013847065,6.995222935751908,9,0,87.17014467216174
2.7536545214919474,82.89226523015179,58.8197009346472,7.11824389145133,8,0,63.044896651733104
1.4669334898938355,99.97068628853333,69.46082261671901,7.242524100593441,6,1,65.84042776925378
1.9521618222511543,52.4106019430278,71.03499095097926,5.337010139287706,9,1,64.92513924644611
2.836598419652827,98.85870921106587,68.46031554991116,4.075553421072375,4,1,56.78220909348821
2.026473045965779,70.34539803614354,75.67119525055855,8.82507684727236,7,1,68.46551693974111
2.2723867284874046,93.53767251686295,45.433175444362405,5.254465228455512,1,0,44.19070173135432
3.2084041025915475,89.11927420291367,63.303645540476396,7.380131440262737,8,1,69.8513111506454
2.147049155300171,78.3508130493334,36.7746121825426,7.533149349393548,5,0,44.04762224528035
9.01927153395104,86.92246046256633,54.99323629691281,7.050037085397428,12,1,91.77864964360738
1.2622205837856009,93.92577806506739,61.698359460382186,5.564536971068241,8,1,61.85693750664764
5.48285820091742,70.20701608255165,72.39457687045571,5.355481268820329,1,1,60.85090451265424
4.398769856401785,66.35165807816193,91.78451841810323,6.988341413513515,2,0,58.18917971084733
9.83259686063176,83.37966927817924,69.04231932564313,8.330478168058457,11,0,95.08342091268698
1.5643695705964973,90.39229709706294,78.33360455147638,8.733668644616978,7,0,64.47069727018992
4.279628190934545,88.11425673883079,62.90729386718818,4.529529022018788,0,0,49.871148377175544
9.709969116116005,89.89068244293173,71.21676203946154,4.7741430629886,14,0,100.0
8.722317695992812,71.77916574064665,34.610594048695276,8.723681293915398,9,1,74.37301908301761
8.262184674018158,90.89171080875107,46.535452754720055,7.682676141673963,14,0,97.25277142541911
2.9500768569269282,56.01045276853042,53.52045105833402,8.414969124148865,14,0,66.16315278945362
2.1234320802056255,77.22445489804248,60.71206807542338,5.013163170676716,14,0,76.70435861798448
6.852110589282095,50.28793302490608,32.96716845765494,6.937929355547009,6,0,70.39146612829802
9.329071896712065,66.22929149501351,39.10156634096565,7.505697972087368,6,1,74.57693050884416
5.789247483632333,68.32307674356989,47.992930006434875,7.400559427234864,12,0,72.79457614155909
5.930320549964049,69.80863458046277,93.14962490856828,6.04075845433349,0,1,68.00347434148374
3.1598013897726998,84.7733603344931,51.537555461698304,4.076974458456542,8,1,65.84637175412787
7.810182865323401,69.42790506351729,61.33266877728536,6.914630284021316,7,1,88.55152734811492
2.276915611296472,72.43468113112652,42.74635132799554,5.265507695898044,3,0,38.16875329166502
3.574952745840315,61.87720654371637,69.70070461992493,6.251271230714451,9,1,72.30061142616694
4.541646166855959,68.662589581467,48.24440900853833,8.787905075419086,10,0,63.2792850818071
5.322298597502323,61.363481363157575,43.454517598497745,5.995176588212173,4,0,56.086169400724145
2.8028924579432624,53.659796188422185,63.57722084898864,8.199008033322134,1,0,49.44751130499773
1.5909498350224336,80.17242966906889,30.357876945427353,4.942703028746256,12,0,53.40255979380138
6.30089040319551,83.41063992775082,30.498162122199645,7.362302490125144,8,0,58.981281716162925
3.24199025578243,80.97451730048073,44.23947259162075,8.885034772194718,14,1,77.81187583785693
6.021763103514816,73.17470219002863,32.386888562553374,4.509465504364684,11,1,66.94131789427713
1.966445795104922,68.98928900896149,37.02167401849494,4.0415997111359605,11,0,50.60400547810911
5.070830967620766,93.16668247859127,52.02594220701886,6.1679139631630715,5,1,73.91834377911037
5.559599609240066,75.9540892568109,82.16806917268784,4.463127415256836,2,0,63.510770796518514
0.9923235998130556,73.95909388148655,67.18316181900455,7.741921748381157,11,1,67.12541099089117
3.6977406428422457,51.282103290321785,63.32340218716707,8.572743319242795,6,1,55.73474352790123
1.7769394309202553,67.06239138130782,49.07677350852791,6.170104863543794,8,1,42.54865873181881
1.1020622194912937,69.00978093929285,90.56399176313306,5.293558210777205,2,1,57.35758103231808
9.90462220770448,69.94113904484502,55.805977680417456,6.172016595033049,1,1,72.97253048623944
3.5623615272598683,79.00861846136661,35.661029841725146,7.617239089250005,6,0,61.250932126547355
8.193807235619031,76.68012733634393,70.10932354765708,4.045270807901855,6,0,76.96183598866278
2.919086220255757,80.39525463967223,37.39949557597909,6.947269947423486,3,1,49.72437713577968
6.974275861127328,88.2441630771064,52.439504282109986,7.066458424436895,10,0,87.40429116086166
7.722164668952022,90.64928693580467,62.98177601665758,7.1884412344796775,8,1,94.9631954411121
6.158568035774521,85.90615381132471,86.82446410453642,5.210110399904386,13,0,90.4039275374493
4.979973791226504,97.77618479774674,62.08052772210771,7.570263616890633,7,1,84.32580987944664
4.412488684399051,50.91162913381808,75.64681979205818,4.456957431658882,12,1,72.00303820285617
3.814248532158455,59.788899284177305,94.53309453493958,4.996351682334004,12,1,82.44796525578832
9.330526870354346,50.37814374890711,38.54679279336881,8.38735023327241,0,0,56.89775929352671
8.390884373983427,82.37373570773015,47.85754915876877,7.693615753632832,0,0,66.85547039631045
9.66775565133187,94.90152744749935,55.64744491384702,4.068727770056726,4,1,84.50182489888338
1.680823623112675,62.174114828814965,57.41883160502404,5.241881301849001,5,1,48.472537570487454
7.44324101443462,96.35172723981533,56.716369892260474,5.072032414965823,2,0,72.76673936154201
9.41423433979986,53.01336951447804,88.99471516617606,5.354031640184862,12,0,92.98750378260947
2.2217141285737716,96.72180134027572,76.41212189034567,5.2377988513994325,8,0,64.51054724360372
1.1317145399843862,67.58113436198173,69.51383891589575,4.312631478714229,11,0,55.56400927607131
7.540646168255561,55.07104142246082,50.10922666108084,6.294702582984102,9,0,81.48213706618378
5.957494575209163,74.29358795931628,83.54637497438415,7.663667373930826,13,1,90.451288607055
8.497373379203584,62.8388283860254,92.07893324652429,7.033658623587182,14,0,100.0
1.8278375779497502,64.24364509809614,83.37788836576473,7.364358342990399,5,1,56.065659142045924
8.055039462668958,65.36449824631433,30.10173183744574,4.405745892681196,3,1,61.81530124288698
2.415459540453573,90.15129489163317,71.36608906192146,8.757453550883936,11,0,72.37226898875853
2.054731457224193,76.95806383376272,33.32379979373655,8.192459169215123,6,0,54.149432057047214
2.060525080344433,65.56538495780018,46.74446932169192,8.025451592478314,7,1,51.30361215636393
8.238459842198129,80.51668916554593,33.86910552260516,8.114919025208838,8,0,68.24135425564187
6.819373596613901,85.80753371115968,69.2467044417102,8.663552540663806,12,1,91.1840453753891
5.469121535306634,63.63120003667669,74.62834437701943,6.721269830568488,10,0,85.20477750318746
3.9088895991732735,70.67745507626758,37.44169647428383,5.00141008933813,5,0,44.16501408741592
8.83340513772453,56.09430466684738,54.94952739792367,7.083918039262706,14,0,76.31543312857838
4.228228520515036,59.05746747673402,59.65537308211023,7.7144074683396955,5,1,61.32980286580622
8.257694674979982,84.05589269824914,53.988446414459574,7.689586966770127,7,0,83.48087911759487
4.671781631417075,59.071917384781344,37.866625031537545,6.607245120834401,11,1,63.624663144085844
4.080972079536622,76.258169183353,57.2316063621859,4.34229359666789,4,0,57.4416745429743
4.895457963861261,85.45231308612163,78.82657310754718,5.855564692150639,13,1,85.67672753654797
3.36308980455935,55.34384615473719,34.615498194661605,8.603833042316786,2,0,36.050966549948534
7.602289111674386,78.36561098144517,35.211700915323725,6.9222445487871305,11,1,87.37082558482331
5.275843705878552,62.82813918506819,53.06013396933898,6.691659716278567,2,1,52.53652038150861
2.7060206038947645,98.146343761879,91.21217125523012,5.344267571910968,12,1,87.96741123203017
9.0459584461084,74.17728233599624,73.4572220369894,5.842244599582894,5,1,91.00169851210225
4.146966603045509,90.2996274887579,74.11354718371672,8.476730445765845,1,1,65.73956374248884
5.663752180582891,77.51132710781309,53.52479940446122,7.3323152376341785,5,1,65.99064346710956
9.111485054163197,52.170626642740956,68.58795142855499,7.936935133761664,12,0,95.22896127488356
6.430260961182925,81.65756877970111,30.658526961803318,6.271727115338276,5,1,68.95328043789551
1.6105313867294586,97.57016711033285,71.34624301662024,7.15123609728079,7,1,60.828562341939275
9.428405174328013,80.08059100731656,89.3636515924554,5.241918043716037,6,1,97.633715500817
6.463226504178469,90.95944297133951,69.81727544241325,7.5273041514174315,7,0,76.39485657526224
3.681603339242318,94.2103231674204,86.79040857531243,6.138006668516686,13,0,87.73414612704264
1.823084690302179,61.40398859744663,77.0582486052961,6.212727574073728,8,0,64.31474331662187
8.043239298067812,60.60224199541133,37.836297066239865,7.246611622884409,5,1,66.41154099286913
6.390691181320879,80.54904944254959,88.6594649735797,8.681403107344632,13,0,83.51175170243603
5.567880373775054,70.55142349033524,34.31884988312537,4.320031733043105,2,0,53.58888157134946
8.991979538984097,91.99306514333603,64.70788571560465,8.123716186735038,9,1,100.0
7.991673506633042,95.00115616990055,39.23891304657475,5.461915552060965,2,1,68.98037126787041
1.940911357461136,67.6710689651359,30.760929697508764,6.219597272531889,10,0,55.645537704174934
3.4613596440577084,61.8435279487241,57.432226908296535,4.109566643875045,11,1,64.17750844130362
2.8606468282374244,89.0262757621931,49.17764599752016,5.505230389171565,0,1,49.517438300782686
7.567489779440431,63.740301777406806,61.5900320968442,6.513156213150652,10,1,84.20317201456407
0.8185581299899041,91.13071592568392,67.5179926377458,4.280880386737195,14,1,71.82007057439726
5.913952006277507,71.18691268243813,32.843039700081576,6.455478646915825,12,0,73.05594229686571
7.7433575145365605,83.37749496457351,37.995214183043466,8.635553144292135,14,1,83.03268889012217
8.82927354923662,54.77676569173341,66.31175576927765,4.526966090539026,4,0,66.28620360329498
3.7497766128011207,81.19296623382866,52.30587795622279,7.822203640377522,13,0,75.0422131717899
8.301944394384122,72.58838393686145,77.39627669071412,6.048355266879963,3,0,83.70999844534212
1.5510015010744687,79.3304231587737,72.39895715847608,7.27586857262169,8,0,56.59138996919003
8.541296771477922,58.40071038724317,84.96428359434395,5.301182989926147,14,1,100.0
1.7111422921538328,86.8436872472091,75.01203373349963,4.797461312706791,8,1,69.94919646194347
4.274229260323489,93.13985387716143,57.94552003035963,4.802313071356132,14,1,74.84945437882904
8.074305974905759,60.836990004538784,73.74283045563811,4.352459728215723,13,0,88.34974707847398
1.924215559813351,54.78572777600809,47.89977632660221,4.928233524506215,4,0,43.05901174526075
2.677888254710094,51.18192930231682,49.91037742058383,7.321096924944841,9,0,57.44227399026218
7.36139939973413,82.0985750221633,81.28403539485157,8.408453059217539,3,1,78.4382098802673
7.340347097187706,80.35470180443903,59.01726856610284,8.070628427955809,6,0,75.01001418779809
6.590902512410325,77.33487063570351,81.89472213369291,7.425671549372421,14,1,99.96817347997019
7.0925102224374506,61.59735480579877,83.4574542884381,4.552159317055513,5,1,66.91739270904725
5.655882211802163,69.54529979527574,85.74155194798345,5.445937231479749,3,1,71.76285436125337
2.8920910596160514,79.72381675930865,89.58129032967847,5.549034376612345,12,1,81.19037672070321
3.784111938287235,74.83834294295846,58.01403933336425,5.249784731988106,12,0,66.33364792874052
2.225178309613544,99.38927601074437,50.726343190874026,6.575028298548616,14,1,92.42825240862621
9.13028033266947,56.821987627836656,67.8429185286174,6.677769074398363,9,0,90.13297037678204
6.042222050278144,84.75722770237968,54.12620752344579,5.784429875855551,1,1,57.392945808741324
4.308088459254579,70.21593840521462,69.06982084201513,5.76894579368218,0,0,52.624313031492775
4.889055134619261,71.40998074628074,75.8630810718486,8.142777989530407,3,0,68.72768287805297
9.499191726312246,85.87988828290881,74.7463262019889,7.946464241598428,3,1,78.76711671983986
1.9568383296027618,84.62180756621848,54.34593765630789,5.538979158403729,12,1,70.77104136589988
6.069183404159574,99.56279968510941,40.845913110418934,8.568942219366296,0,1,60.869094958826416
5.305942449402427,56.41971447270626,57.98440700004349,8.76407508501253,5,0,50.170434708577936
6.3088152366291546,55.20548246920832,39.26861936532407,5.6337127101502045,3,1,57.827986698462894
0.6720467462979849,86.21694085643705,87.85630728694754,5.772124743965274,0,1,58.38877245275765
8.78517713496944,78.91934585032045,52.48203494796073,6.528170767109794,0,0,72.81914641067672
9.355123683594318,63.70803332799029,40.03988356951605,8.705604062668368,14,1,89.02387766196603
5.868765244097485,53.97096844944933,31.65410439387381,8.381597165711558,12,0,77.27468262911813
7.118182826830476,54.282912479821526,71.97845510862147,4.5128398129179494,0,1,49.8137504053006
9.26374412118431,94.70954373320592,71.39865063455831,5.963653716357081,7,0,91.22847652960051
